id,first_name,last_name,gender,phone_number
1,Cookie,Jerzyk,Female,+218-444-687-2412
2,Adelaida,Hellwing,Female,+93-671-527-3861
3,Curt,Boxen,Male,+1-559-921-3431
4,Elie,Yakebovitch,Female,+30-505-224-4252
5,Loise,Hariot,Female,+86-690-692-3213
6,Ann-marie,Hovert,Female,+1-808-246-8020
7,Bryna,Tithecott,Female,+33-330-697-7494
8,Meredeth,Brydson,Male,+1-205-964-7793
9,Hanan,Rosenauer,Male,+375-626-803-4792
10,Nicolette,Doubleday,Female,+7-958-457-2682
11,Steward,Whitter,Male,+27-781-543-6904
12,Bary,Eakin,Male,+86-905-247-0565
13,Kasper,O'Donnelly,Male,+51-644-548-0892
14,Alessandro,Blann,Male,+54-877-201-3548
15,Tobias,Gorusso,Male,+62-840-680-0420
16,Filberto,Georgeon,Male,+63-467-744-4841
17,Joshuah,Brandone,Male,+420-770-321-3466
18,Sheffy,Spinozzi,Male,+593-314-181-5183
19,Bruis,Graber,Male,+63-366-371-1122
20,Rutherford,Gorini,Male,+48-117-883-9116
21,Meredeth,Bibey,Male,+1-209-884-7592
22,Petronella,Kapiloff,Female,+220-912-224-7326
23,Christiana,Childs,Female,+62-746-544-1089
24,Giraldo,Eddins,Male,+30-628-490-2993
25,Letitia,Pharrow,Female,+55-507-204-4913
26,Hercule,McLice,Male,+380-198-202-6499
27,Gianni,Moorfield,Male,+359-474-174-1371
28,Jillana,Sharpus,Female,+7-277-352-1733
29,Tybie,Wistance,Female,+47-812-276-0678
30,Christabella,Lidgett,Female,+420-340-223-2382
31,Boony,Kenna,Male,+1-483-112-3663
32,Filippa,Fausset,Female,+7-318-771-7833
33,Jerrilyn,Brum,Female,+86-334-352-1265
34,Isaiah,Sirkett,Male,+86-668-828-4340
35,Sofie,Witterick,Female,+46-271-691-9405
36,Davina,Pascoe,Female,+351-844-262-1099
37,Johanna,Noury,Female,+86-164-824-3025
38,Marice,Gallaway,Female,+7-446-126-7794
39,Lulu,Boyack,Female,+86-219-770-2709
40,Clementius,Baude,Male,+420-620-792-7249
41,Gerri,Bricksey,Male,+975-138-991-6838
42,Kort,Rhoddie,Male,+66-249-649-3282
43,Bernadine,Sandell,Female,+56-926-230-6992
44,Nyssa,Yokel,Female,+86-349-221-8949
45,Suzy,Ixor,Female,+351-430-859-3096
46,Maxwell,Dowderswell,Male,+1-656-182-1861
47,Carver,Reary,Male,+62-536-894-2678
48,Kylen,Davidde,Female,+86-764-369-4930
49,Cati,Lotze,Female,+27-897-980-0216
50,Caye,MacRinn,Female,+46-564-267-8513
51,Averil,Pladen,Male,+237-810-778-7649
52,Rivkah,Anstee,Female,+62-204-675-6104
53,Daffie,Gutherson,Female,+992-447-782-8654
54,Yolande,Zorn,Female,+66-947-492-9670
55,Kermie,Bools,Male,+967-545-369-4274
56,Alice,Fretter,Female,+358-899-338-4688
57,Maria,de Juares,Female,+1-413-702-1593
58,Ari,Barns,Male,+48-580-969-3997
59,Gerrie,Van der Baaren,Male,+63-607-331-6176
60,Pascal,Pharoah,Male,+86-456-595-9581
61,Haze,Mathonnet,Male,+49-922-832-9611
62,Justino,Mousdall,Male,+84-429-911-4764
63,Shelby,Preskett,Male,+886-787-926-8415
64,Jarvis,Tarbox,Male,+86-542-242-8757
65,Linc,Grantham,Male,+62-215-737-6254
66,Leonard,Brenstuhl,Male,+55-214-200-4076
67,Alessandra,Juarez,Female,+967-702-481-1832
68,Chadwick,Rubenchik,Male,+55-320-125-3459
69,Evita,Berrigan,Female,+92-590-716-7224
70,Ulric,Grant,Male,+66-102-815-7045
71,Guillermo,Spurdens,Male,+52-929-912-9511
72,Minta,Luby,Female,+1-137-660-2204
73,Sissie,Drees,Female,+86-327-789-8693
74,Ilsa,Halsho,Female,+48-678-699-7349
75,Eleen,Joe,Female,+86-402-549-6030
76,Herculie,Brumfield,Male,+86-919-419-9191
77,Orran,Marcinkus,Male,+358-620-642-4453
78,Mahalia,Buckerfield,Female,+1-844-888-5460
79,Orbadiah,Felgat,Male,+51-920-530-5569
80,Carlotta,Sprasen,Female,+63-708-598-3592
81,Dionysus,Lucus,Male,+7-928-283-9860
82,Garrek,Retallick,Male,+63-761-720-5762
83,Burke,Dybald,Male,+66-714-895-3348
84,Clayson,McTaggart,Male,+420-156-593-7958
85,Aldus,De Vile,Male,+1-268-775-5948
86,Jorry,Cornbell,Female,+373-427-111-7586
87,Shem,Charte,Male,+86-601-362-4177
88,Rachelle,Pynn,Female,+62-947-168-8826
89,Kathryne,Mellows,Female,+86-255-190-2113
90,Kermie,MacGovern,Male,+994-971-626-6043
91,Willette,Davidou,Female,+7-925-710-4354
92,Annmaria,Alf,Female,+358-629-454-3652
93,Faun,Dispencer,Female,+1-660-910-3321
94,Hillier,Ship,Male,+351-568-657-4054
95,Nils,Raubheim,Male,+54-191-554-6191
96,Norah,Bottini,Female,+63-773-760-2371
97,Jon,Kift,Male,+54-674-574-0615
98,Herc,Kealey,Male,+86-684-776-4757
99,Natale,Scraney,Male,+36-941-935-9903
100,Wernher,Cusiter,Male,+86-439-622-6405
101,Dorri,Ponten,Female,+46-981-618-2553
102,Hilary,Upston,Male,+242-634-520-1087
103,Becca,Schmuhl,Female,+351-192-225-2899
104,Debbi,Dumbell,Female,+30-917-210-8654
105,Any,Tuberfield,Male,+420-180-124-0500
106,Gilburt,Bernette,Male,+48-664-364-6864
107,Mathe,Yardy,Male,+62-659-760-4988
108,Allyce,Thorald,Female,+62-297-398-3014
109,Odelle,Lapslie,Female,+7-783-172-5063
110,Vicky,Menichi,Female,+86-512-489-4175
111,Lee,Cockroft,Male,+86-678-470-1538
112,Eunice,Dulwitch,Female,+86-164-771-1252
113,Ollie,Cruft,Male,+62-735-769-2322
114,Basile,L' Anglois,Male,+7-262-183-1346
115,Merrile,Drains,Female,+86-738-172-0983
116,Sioux,Poone,Female,+54-975-116-0387
117,Janessa,Bonsall,Female,+237-704-269-3447
118,Amandi,Tumayan,Female,+261-842-117-1629
119,Georgeanna,Deveril,Female,+7-104-823-1120
120,Thayne,Winteringham,Male,+62-875-568-9624
121,Zared,Pickering,Male,+86-823-229-6997
122,Odell,Pizzie,Male,+55-808-556-2424
123,Zilvia,Arbon,Female,+66-751-602-8209
124,Buckie,Fuggle,Male,+86-261-850-2694
125,Tildi,Greenset,Female,+7-596-594-4694
126,Gibby,Chorlton,Male,+86-861-537-2940
127,Bing,Jaumet,Male,+62-318-536-9577
128,Yoshi,Rechert,Female,+351-266-488-9828
129,Ignacius,Aldren,Male,+55-711-629-5979
130,Alyda,Blinerman,Female,+230-106-806-6470
131,Bartholomew,Daglish,Male,+1-634-222-5161
132,Salaidh,Zelner,Female,+62-931-466-6838
133,Jerrine,Donaldson,Female,+62-306-337-7733
134,Rollo,Nasi,Male,+57-799-390-0296
135,Alane,Lancashire,Female,+86-341-377-8660
136,Lora,Fend,Female,+1-752-989-9439
137,Therine,Guinery,Female,+62-888-629-9994
138,Franny,Esposito,Female,+62-673-702-6081
139,Neddie,Hexam,Male,+353-816-800-5722
140,Casar,Trassler,Male,+7-856-775-0399
141,Obie,Hultberg,Male,+48-696-979-7457
142,Donnie,Bownd,Male,+33-478-940-0520
143,Bertram,Burnhard,Male,+86-629-936-8798
144,Nikolaos,Allone,Male,+86-170-210-2469
145,Gabby,Boundley,Male,+371-405-541-8891
146,Husain,Vlasyuk,Male,+1-851-901-0952
147,Gaultiero,Rowlson,Male,+51-919-949-3160
148,Cary,Logie,Male,+84-928-220-1862
149,Briano,Brownbill,Male,+86-587-681-7081
150,Ranee,Dorkins,Female,+62-659-285-3821
151,Gordon,Kasher,Male,+55-519-522-0477
152,Thayne,Dyas,Male,+593-771-703-5851
153,Delano,Ackenhead,Male,+63-277-201-2064
154,Flint,Glitherow,Male,+61-293-143-6546
155,Heda,Venn,Female,+86-134-667-5352
156,Son,Biscomb,Male,+92-769-979-4044
157,Janel,Rehm,Female,+234-479-355-1911
158,Rafael,Rabjohn,Male,+86-753-121-0191
159,Hube,Dwerryhouse,Male,+63-180-667-4798
160,Alva,Cuming,Male,+86-298-623-5386
161,Wynn,Sprakes,Male,+389-262-693-7274
162,Gretal,Burder,Female,+57-780-448-4904
163,Claudio,McKearnen,Male,+62-661-969-3752
164,Bennett,Bazeley,Male,+1-725-400-1914
165,Rosaleen,Sampey,Female,+7-818-929-6578
166,Bobbi,Southerell,Female,+52-106-537-1450
167,Darelle,Flament,Female,+372-786-311-2388
168,Cindi,Ickeringill,Female,+598-238-769-7473
169,Benjamen,Force,Male,+33-215-951-0346
170,Naoma,Riddich,Female,+55-987-647-4663
171,Jaymee,Kornyakov,Female,+62-135-975-3637
172,Kora,Blaymires,Female,+7-446-765-8267
173,Christie,Barnbrook,Female,+420-159-618-1007
174,Obadias,Blazevic,Male,+55-431-929-7312
175,Sandye,Grewes,Female,+7-721-892-1619
176,Pearla,Follitt,Female,+86-744-215-6550
177,Jody,Christie,Male,+62-574-880-0291
178,Bobine,Solomonides,Female,+7-760-203-0925
179,Borden,Sheward,Male,+55-567-449-7842
180,Spencer,Bastin,Male,+381-691-891-7085
181,Cindra,Avory,Female,+380-108-795-9978
182,Shelly,Winham,Female,+375-922-129-0126
183,Nanette,Cloke,Female,+1-512-892-7694
184,Tamiko,Jonk,Female,+380-833-147-1039
185,Iorgo,Cocher,Male,+46-795-980-8672
186,Antonino,Docwra,Male,+234-902-507-4354
187,Marty,Mendez,Female,+86-698-840-7223
188,Michel,Van Leeuwen,Male,+7-896-635-3339
189,Claudio,Gynni,Male,+55-209-701-2544
190,Salomone,Peeter,Male,+86-106-289-2106
191,Kimball,Whyley,Male,+355-211-616-0637
192,Paquito,Condy,Male,+420-682-962-3533
193,Corene,Heimes,Female,+353-829-779-0144
194,Maxine,Peachey,Female,+7-658-345-7139
195,Brit,Butterick,Male,+358-255-583-2661
196,Suzie,Matei,Female,+86-128-761-7475
197,Arie,Shier,Male,+62-667-665-5872
198,Megen,McGrotty,Female,+355-928-297-1421
199,Dion,Piddlesden,Female,+255-247-415-2747
200,Leigh,Reisen,Male,+212-453-971-6616
201,Myriam,Guerola,Female,+351-634-105-7921
202,Catriona,Poure,Female,+994-746-657-8761
203,Nolie,Really,Female,+62-615-798-6040
204,Heath,Orro,Female,+46-489-390-1598
205,Timmi,Thunderman,Female,+48-738-942-6825
206,Juan,Maddra,Male,+86-997-149-0835
207,Irvin,Verbruggen,Male,+30-943-771-7907
208,Isac,Plaistowe,Male,+241-357-841-4866
209,Tomas,Doggerell,Male,+62-171-543-7955
210,Rose,Longcake,Female,+48-216-733-7501
211,Caritta,Leyborne,Female,+351-680-916-9659
212,Deana,Westall,Female,+51-495-100-0603
213,Moises,Silby,Male,+7-341-856-3809
214,Wayne,Labden,Male,+46-905-312-3213
215,Frankie,Rucklesse,Male,+33-156-863-6953
216,Lucita,Vickerstaff,Female,+30-623-385-6033
217,Roxine,Cowndley,Female,+591-719-225-1952
218,Vittorio,Kinahan,Male,+33-883-927-6499
219,Cornelius,Gerretsen,Male,+86-257-479-6488
220,Denny,Prozillo,Male,+86-629-447-3647
221,Deena,Ainslee,Female,+359-838-418-4943
222,Tibold,Birrell,Male,+63-637-579-6729
223,Any,Bothams,Male,+1-623-106-2802
224,Gladi,Paaso,Female,+86-898-501-8776
225,Esdras,Weblin,Male,+86-424-218-0849
226,Nathanil,Bovaird,Male,+86-698-646-2876
227,Scarlett,Haeslier,Female,+7-949-987-8855
228,Keane,Duiguid,Male,+7-941-839-6856
229,Parrnell,Neubigging,Male,+234-273-539-3048
230,Justen,Wyard,Male,+62-653-381-8056
231,Nikola,Edyson,Male,+86-764-427-6094
232,Kalinda,Arnowicz,Female,+86-658-832-0699
233,Ursula,Strickett,Female,+62-805-568-5498
234,Gay,Pedwell,Male,+51-633-877-2078
235,Aurthur,Bakhrushin,Male,+46-503-124-5948
236,Lauritz,Tindall,Male,+380-264-703-9580
237,Renault,Petrillo,Male,+51-291-453-7329
238,Berk,Gash,Male,+62-966-466-9785
239,Christophorus,Robertot,Male,+86-557-524-0560
240,Tobey,Padmore,Female,+86-671-679-1703
241,Ailbert,Bart,Male,+48-495-716-3080
242,Marianna,Romera,Female,+994-148-298-4004
243,Raffarty,Antoszczyk,Male,+255-369-966-8509
244,Iolande,Surman,Female,+45-532-419-4989
245,Creigh,Fuster,Male,+967-459-667-2308
246,Marion,Adolf,Male,+55-600-929-6752
247,Marigold,MacComiskey,Female,+86-902-391-0907
248,Clerc,Dysert,Male,+968-455-134-5264
249,Alexi,Eighteen,Female,+7-894-659-0713
250,Chelsey,Viles,Female,+503-977-662-3122
251,Siouxie,Iggulden,Female,+52-878-164-8223
252,Alfie,Scala,Male,+62-797-790-6814
253,Chev,Gatrill,Male,+1-937-595-1972
254,Donnie,Heinsen,Female,+62-241-854-2986
255,Ermengarde,Howgill,Female,+33-309-269-3335
256,Dulcia,Morriss,Female,+33-422-119-7597
257,Corby,Andrys,Male,+1-954-427-7738
258,Cloris,Cockling,Female,+1-330-319-7688
259,Kayne,Willstrop,Male,+27-603-106-3522
260,Caesar,Birbeck,Male,+86-498-532-4110
261,Aluino,Collingworth,Male,+44-906-119-0447
262,Zack,Hanse,Male,+677-503-850-7387
263,Andrey,Yglesia,Male,+963-843-715-1530
264,Dew,Wimbridge,Male,+63-989-270-0815
265,Jule,Dinzey,Male,+94-568-834-7821
266,Heddi,Coase,Female,+86-799-154-1005
267,Dari,Dommerque,Female,+351-984-403-0603
268,Dottie,Jewess,Female,+505-768-777-2667
269,Andreana,Boulder,Female,+351-219-594-0172
270,Marja,Bream,Female,+1-229-937-8376
271,Bridget,McGirl,Female,+66-699-465-0601
272,Zebulen,Gunney,Male,+66-789-143-5997
273,Jessie,Gaymar,Male,+62-136-606-5552
274,Tarah,Gavaghan,Female,+234-860-183-7155
275,Stanfield,Gyenes,Male,+46-320-984-6667
276,Cybil,MacMeekan,Female,+971-981-817-8567
277,Pavlov,Birrane,Male,+81-782-665-1955
278,Willabella,Cullinan,Female,+46-717-622-4629
279,Atalanta,Scimone,Female,+994-656-683-0063
280,Harv,Anderer,Male,+212-805-298-2237
281,Ernst,Glasscoo,Male,+86-111-772-1884
282,Bab,Oldroyde,Female,+1-789-922-0404
283,Amandi,Skacel,Female,+509-144-607-4725
284,Karita,North,Female,+86-707-254-8530
285,Dottie,Bruckshaw,Female,+66-461-944-8453
286,Olly,Unstead,Female,+7-612-525-6042
287,Nero,Ivanaev,Male,+880-573-380-0507
288,Sandro,Carwithen,Male,+387-143-295-6966
289,Dalton,Spittles,Male,+234-545-243-0820
290,Stephenie,Sivills,Female,+51-514-662-3076
291,Ranique,Madre,Female,+389-277-404-0976
292,Suzy,Nutkins,Female,+351-438-433-6681
293,Joelie,McPeake,Female,+1-202-379-7001
294,Reese,Pumphreys,Male,+62-327-837-9630
295,Etta,Beckles,Female,+86-925-976-3167
296,Samantha,Duffitt,Female,+221-760-143-8769
297,Sylvia,Wheater,Female,+62-430-216-4796
298,Minda,Kinkade,Female,+33-248-855-9780
299,Ernesto,Gillian,Male,+62-740-334-0988
300,Grange,Mattiacci,Male,+51-342-922-3618
301,Traver,Milan,Male,+33-679-514-2062
302,Aurlie,Bilney,Female,+51-299-671-6472
303,Barth,Dadley,Male,+504-133-588-8017
304,Barbee,Flann,Female,+46-655-488-9273
305,Mendy,Grigoryev,Male,+81-506-738-6257
306,Lacy,Cardno,Female,+7-141-743-6557
307,Sacha,Shrimpton,Female,+386-422-169-8473
308,Berte,Ertelt,Female,+94-960-161-0140
309,Mohammed,Guillotin,Male,+57-178-815-1966
310,Fidelio,Keller,Male,+66-621-876-8085
311,Kessia,Dew,Female,+62-444-556-9581
312,Glyn,Langland,Male,+504-501-482-0420
313,Enrica,Oddie,Female,+63-780-925-8880
314,Elnar,Karpeev,Male,+1-614-490-5812
315,Velvet,MacCaghan,Female,+86-971-375-2128
316,Malanie,Titterrell,Female,+1-202-820-1796
317,Sheela,Stoves,Female,+1-661-213-6201
318,Anstice,Heifer,Female,+7-882-315-1127
319,Frederich,Brightie,Male,+251-546-619-4059
320,Frannie,Stilliard,Male,+1-870-349-2207
321,Burg,Midgley,Male,+355-922-430-4460
322,Eugen,Zannolli,Male,+86-755-279-8118
323,Aldin,Mordin,Male,+86-917-456-8827
324,Tarah,Pizey,Female,+420-652-653-5658
325,Jayme,Sommerly,Female,+86-245-965-3806
326,Devina,Witheford,Female,+212-939-626-3058
327,Harmon,Moorrud,Male,+62-332-121-1136
328,Lonnard,Meert,Male,+381-880-523-4486
329,Erich,Hardern,Male,+420-926-360-0172
330,Remus,I'anson,Male,+1-718-691-0945
331,Francoise,Demcik,Female,+1-371-907-9121
332,Tera,Yurocjkin,Female,+63-888-815-3656
333,Dolly,Halso,Female,+251-904-661-8118
334,Shela,Higginbottam,Female,+46-961-451-4398
335,Danika,Holme,Female,+93-137-379-9604
336,Nicoline,Reyna,Female,+51-405-814-6299
337,Lacie,Ketchaside,Female,+33-698-146-5900
338,Dona,Ganforth,Female,+1-626-661-6526
339,Corella,Mycroft,Female,+7-558-569-1952
340,Lezlie,Diperaus,Female,+86-384-375-1000
341,Selma,Palombi,Female,+376-154-252-1462
342,Daune,Vasilenko,Female,+63-119-722-9533
343,Susie,Fordy,Female,+62-699-886-3164
344,Madalyn,Glaister,Female,+36-825-867-2028
345,Deana,Saich,Female,+51-608-824-3507
346,Sherye,Satterlee,Female,+267-258-356-3063
347,Christal,Wickling,Female,+371-896-805-0838
348,Ax,Dashwood,Male,+47-890-955-8465
349,Joelie,Surr,Female,+63-991-320-0743
350,Andre,Wych,Male,+996-644-699-9154
351,Thomasin,Langtry,Female,+507-946-411-5138
352,Roxi,Smithe,Female,+48-808-823-8869
353,Cleavland,Trundle,Male,+996-478-164-4761
354,Ursula,Jordison,Female,+66-210-661-4380
355,Brinn,Pucker,Female,+62-850-770-9855
356,Johnnie,Shekle,Male,+598-581-342-5491
357,Clarie,Kleinhandler,Female,+86-783-379-7115
358,Wylie,Dedrick,Male,+33-289-226-0847
359,Julita,Johann,Female,+55-299-412-7030
360,Kristopher,Lacroutz,Male,+1-843-965-7668
361,Minnie,Uglow,Female,+93-585-408-6480
362,Meris,O'Leahy,Female,+64-987-825-6965
363,Reinald,Fitzackerley,Male,+86-376-193-3940
364,Hastings,Worster,Male,+63-441-296-2033
365,Noe,Casey,Male,+86-299-404-3156
366,Collette,Eefting,Female,+86-298-741-7114
367,Mead,Ferreli,Female,+86-189-390-2117
368,Caesar,Brash,Male,+7-692-900-9028
369,Beverie,Rope,Female,+351-298-492-1453
370,Riki,Scotland,Female,+60-271-424-3717
371,Nate,Silkston,Male,+33-960-229-2980
372,Ellsworth,Toopin,Male,+7-840-373-4002
373,Mindy,Skule,Female,+46-214-998-8829
374,Noami,Sultan,Female,+62-504-926-0136
375,Dory,Kearsley,Male,+62-518-161-7020
376,Stanford,Dunstone,Male,+63-820-200-5575
377,Charlot,Neligan,Female,+93-463-263-8351
378,Rockey,Heads,Male,+33-760-454-9034
379,Cesaro,Balcers,Male,+62-924-964-7242
380,Saxe,Quarrie,Male,+7-250-284-2648
381,Vassily,Westrip,Male,+81-150-722-4296
382,Shirleen,Glewe,Female,+1-619-123-9915
383,Elianore,Buttriss,Female,+86-982-569-7101
384,Sebastiano,Shills,Male,+86-288-592-5696
385,Sammie,Phil,Male,+62-856-483-0800
386,Michael,Gwyther,Male,+62-248-665-8707
387,Tedra,Hatt,Female,+380-756-112-3954
388,Aretha,Ickowics,Female,+55-835-433-9992
389,Nelie,Frowd,Female,+48-645-407-8233
390,Kit,Cousin,Male,+963-901-559-2012
391,Erek,Blooman,Male,+998-828-393-9134
392,Egor,Gliddon,Male,+254-535-609-1161
393,Alberto,Venables,Male,+63-644-917-2988
394,Arel,Houlden,Male,+1-474-431-0651
395,Carmella,Measen,Female,+33-646-372-5205
396,Karalee,Stollhofer,Female,+261-414-900-7067
397,Jinny,Rivilis,Female,+234-110-190-4278
398,Addy,Kenworth,Male,+7-320-172-3525
399,Gayelord,Oleksiak,Male,+51-563-276-2074
400,Saleem,Loache,Male,+255-357-475-2189
401,Gian,Ponten,Male,+62-296-236-3031
402,Aindrea,Bestman,Female,+86-320-271-4561
403,Marja,Van Cassel,Female,+33-533-817-1580
404,Angus,Langston,Male,+92-312-881-1271
405,Chloette,Tilford,Female,+48-782-791-3248
406,Reid,Williamson,Male,+54-988-702-4196
407,Celle,Salandino,Female,+55-510-581-1943
408,Sarette,Megarry,Female,+62-895-865-8883
409,Chrissy,Meadows,Male,+1-222-222-2669
410,Kinna,Osmar,Female,+55-501-747-4169
411,Jermaine,Dinsell,Male,+1-855-734-8869
412,Blanche,Virgo,Female,+86-860-830-3953
413,Tadeo,Raynton,Male,+48-216-486-7148
414,Caralie,Matthewes,Female,+381-869-299-7755
415,Seana,Gervaise,Female,+86-740-715-6237
416,Kimmie,Zannelli,Female,+51-739-155-2115
417,Zea,Fielder,Female,+86-870-712-5058
418,Rodina,Dyble,Female,+62-265-990-1091
419,Fernando,Watman,Male,+1-419-730-4210
420,Nat,Mawford,Female,+86-335-147-2635
421,Ilario,Garry,Male,+46-550-893-9450
422,Krista,Lace,Female,+62-905-755-9892
423,Paula,Sinott,Female,+86-958-905-9317
424,Alethea,Jurn,Female,+48-698-831-9516
425,Tobit,Fitzackerley,Male,+34-379-876-7250
426,Melly,Cherrison,Female,+420-263-158-0902
427,Sanford,Gideon,Male,+62-478-233-3671
428,Kendell,Havoc,Male,+1-205-302-3519
429,Ike,Seymer,Male,+55-927-977-1981
430,Kyrstin,O'Spellissey,Female,+86-350-604-7269
431,Gayler,Mepsted,Male,+62-716-901-0368
432,Tallia,Schoenleiter,Female,+420-608-105-0430
433,Diahann,Sandcraft,Female,+359-682-860-8990
434,Cyrillus,Gleed,Male,+62-337-444-2247
435,Halie,Wyndham,Female,+977-909-675-0938
436,Marten,Kemmer,Male,+33-842-356-0968
437,Willdon,Giacomi,Male,+234-929-311-0317
438,Richart,Bisco,Male,+62-362-571-0985
439,Dotti,Buncom,Female,+33-303-971-7078
440,Eberhard,Kellington,Male,+420-393-621-5477
441,Bertrand,Divina,Male,+86-530-290-0000
442,Charlene,Commucci,Female,+62-168-665-9772
443,Marga,de Savery,Female,+386-939-982-0760
444,Orv,Slocom,Male,+216-241-804-7490
445,Darby,Marchello,Male,+57-957-660-7563
446,Domingo,Botly,Male,+86-320-454-8417
447,Karlik,Dreinan,Male,+7-893-561-0647
448,Reiko,Gowans,Female,+351-132-697-1125
449,Leyla,Tardiff,Female,+86-361-789-7033
450,Liam,Cheers,Male,+30-471-340-9734
451,Sibilla,Linggard,Female,+60-210-609-2928
452,Trish,Thorrington,Female,+1-954-966-5594
453,Vera,Bonny,Female,+1-297-891-4437
454,Phebe,Heeron,Female,+66-265-244-7621
455,Wiley,Graysmark,Male,+7-132-450-8039
456,Cobby,Delucia,Male,+46-385-138-6892
457,Nani,Abramow,Female,+86-718-192-0185
458,Salim,Veivers,Male,+63-716-345-3672
459,Red,Schule,Male,+1-945-513-7068
460,Sigrid,Greguol,Female,+386-641-223-0111
461,Martyn,Amorine,Male,+58-911-489-8767
462,Richie,Eadington,Male,+225-434-578-3085
463,Mathian,Petrello,Male,+216-498-875-2535
464,Maire,Bang,Female,+51-591-484-6891
465,Franciska,Grenshields,Female,+353-989-221-8061
466,Lotty,de Clerq,Female,+86-570-838-6764
467,Katherina,McKerley,Female,+33-212-854-9018
468,Storm,Morecombe,Female,+502-226-536-4150
469,Tommi,Schoolcroft,Female,+86-614-657-2817
470,Nick,Bartzen,Male,+381-804-839-5982
471,Bone,Phifer,Male,+63-608-398-1299
472,Fulton,Sunners,Male,+55-526-158-0857
473,Juditha,Nobles,Female,+86-663-946-6619
474,Raine,Smidmoor,Female,+227-155-559-6398
475,Miguel,Stranieri,Male,+351-998-767-7868
476,Berti,Jahns,Male,+7-578-970-9687
477,Marleah,Scotford,Female,+57-828-401-5328
478,Joanne,Di Biasi,Female,+63-454-459-0585
479,Gabie,Adams,Male,+7-375-430-5132
480,Reggie,Prestage,Male,+62-299-233-5418
481,Reamonn,Sheldon,Male,+386-821-284-9418
482,Averell,Lishman,Male,+380-365-808-1714
483,Ellene,Slisby,Female,+55-465-952-7798
484,Conrad,Worwood,Male,+380-810-997-0073
485,Friedrich,Josipovic,Male,+380-265-583-7990
486,Rudy,Dark,Male,+1-361-530-6491
487,Lonnie,Iglesia,Female,+62-706-270-5157
488,Grover,Nottram,Male,+62-286-422-8181
489,Francene,Holdall,Female,+62-715-729-8309
490,Pebrook,Croisier,Male,+86-897-579-8163
491,Kevyn,Heskins,Female,+358-707-620-6396
492,Merrel,Dibble,Male,+63-804-742-9218
493,Menard,Calley,Male,+1-546-614-8549
494,Frans,Abbie,Male,+62-230-700-6263
495,Cyrillus,Robet,Male,+7-854-189-5211
496,Bertie,Haugg,Female,+380-329-184-4908
497,Aretha,Laycock,Female,+66-552-424-0400
498,Rowena,Challens,Female,+86-241-811-8789
499,Hendrika,Penritt,Female,+351-901-775-0197
500,Boothe,Carwithan,Male,+93-191-750-4526
501,Malachi,Mc Faul,Male,+86-375-681-3016
502,Waylen,Kefford,Male,+33-200-845-7014
503,Sara-ann,Lymer,Female,+86-925-479-5736
504,Romonda,Chinn,Female,+48-724-704-0045
505,Anderson,Daveridge,Male,+81-748-862-6684
506,Barry,Macenzy,Male,+55-846-970-2462
507,Elyssa,Goscomb,Female,+358-953-440-1163
508,Thatcher,Kobierzycki,Male,+86-266-184-1823
509,Artemis,Heap,Male,+81-881-634-1502
510,Donna,Noye,Female,+86-876-174-2670
511,Hi,Brisker,Male,+48-427-334-9403
512,Hercules,Rawne,Male,+62-440-504-8717
513,Darla,Struijs,Female,+86-313-641-1638
514,Sherm,Dewfall,Male,+86-599-993-7882
515,Lane,Monroe,Female,+351-371-916-4360
516,William,Weetch,Male,+27-720-420-4937
517,Carmencita,Ceillier,Female,+62-284-850-9287
518,Mahmud,Smalles,Male,+1-281-738-6288
519,Derwin,Minall,Male,+62-414-997-0853
520,Cosette,Endean,Female,+48-741-101-2721
521,Louisa,Loker,Female,+56-219-700-5308
522,Sophia,Wiersma,Female,+33-447-834-6067
523,Kacy,Dray,Female,+48-571-968-2405
524,Roddie,Kilbride,Male,+226-324-443-7424
525,Fiorenze,Wilacot,Female,+48-721-984-9146
526,Jorge,Cathesyed,Male,+63-640-899-3646
527,Juliette,Paine,Female,+420-164-598-1019
528,Gwendolen,Kimmerling,Female,+63-110-952-8861
529,Broddie,Duberry,Male,+46-495-477-9249
530,Vinnie,Cordeux,Female,+33-122-777-7194
531,Eugenia,Passo,Female,+264-893-191-5899
532,Stinky,Andreazzi,Male,+86-220-499-9682
533,Vachel,De Avenell,Male,+63-113-623-0042
534,Rem,Preece,Male,+7-770-760-5682
535,Chance,Kench,Male,+7-473-161-9587
536,Holly,Domenicone,Female,+355-411-458-3968
537,Blinny,Sinderson,Female,+46-874-425-5568
538,Tome,Hannabus,Male,+86-946-674-9042
539,Darin,Revan,Male,+52-176-607-4234
540,Madelene,D'Andrea,Female,+48-194-675-2367
541,Theresa,Olenichev,Female,+506-739-267-1601
542,Linc,Hammelberg,Male,+86-132-749-2441
543,Holden,Grief,Male,+86-242-965-2911
544,Cindy,Euesden,Female,+1-202-845-6969
545,Dionisio,Farrah,Male,+240-394-882-5028
546,Ferdinande,Thebeau,Female,+55-835-703-0592
547,Fabiano,Fradgley,Male,+30-968-503-3905
548,Gwenni,Haffner,Female,+86-693-266-9145
549,Garnet,Okey,Female,+48-547-335-8643
550,Noreen,Tremmil,Female,+20-108-708-8472
551,Rhodie,Pears,Female,+7-713-295-7134
552,Sheela,Boylin,Female,+63-616-887-1286
553,Brinna,Verma,Female,+1-716-648-2318
554,Othilie,O'Cannovane,Female,+33-523-653-6445
555,Carlynne,Bewlie,Female,+66-344-185-0272
556,Mitch,Orme,Male,+30-734-844-4355
557,Melantha,Woolrich,Female,+86-140-534-1946
558,Martha,Hember,Female,+54-580-645-3098
559,Frederico,Pinshon,Male,+972-625-284-3246
560,Karalynn,Kendle,Female,+880-386-289-5539
561,Brendis,Raywood,Male,+63-348-913-4621
562,Andie,Buterton,Female,+62-553-977-6506
563,Ravid,Dacey,Male,+963-727-588-5207
564,Kittie,Peace,Female,+507-645-666-2109
565,Rhianon,Rearden,Female,+66-970-432-0112
566,Penny,Copestake,Male,+66-786-238-2851
567,Norene,Videan,Female,+880-765-248-8229
568,Carlo,Treharne,Male,+420-887-906-8172
569,Mitzi,Vogele,Female,+62-483-374-2015
570,Vanda,Burbury,Female,+967-298-661-0197
571,Kelsi,Lamming,Female,+62-104-743-5229
572,Brooke,Hallum,Female,+370-498-446-7237
573,Bree,Salmons,Female,+48-747-660-9381
574,Tawsha,Gannaway,Female,+49-127-834-7342
575,Edgardo,Bande,Male,+86-660-803-4829
576,Sully,Flahy,Male,+967-951-434-3664
577,Rod,Scimone,Male,+351-633-969-1767
578,Lilla,Gadsden,Female,+351-665-306-9656
579,Harlin,D'Acth,Male,+86-428-723-0217
580,Chevy,Hobson,Male,+256-802-951-9914
581,Whitby,Rzehor,Male,+62-978-559-7026
582,Wynnie,Schaffler,Female,+49-925-237-0870
583,Al,Kares,Male,+57-294-985-1724
584,Devlin,Mcasparan,Male,+86-890-307-1898
585,Joanne,Mayow,Female,+62-732-514-9222
586,Ric,Sange,Male,+234-279-165-9584
587,Eamon,Toulmin,Male,+48-177-368-4975
588,Tedmund,Couth,Male,+63-277-451-3784
589,Stanwood,Wagon,Male,+502-953-179-0935
590,Mattie,Rysom,Male,+855-794-207-3811
591,Gerri,Marham,Male,+381-550-925-2169
592,Felice,Lotte,Female,+62-419-275-7808
593,Kenon,Elgee,Male,+86-651-675-9093
594,Sheeree,Gent,Female,+86-700-831-7139
595,Beverly,Blazej,Female,+86-506-278-2713
596,Cleopatra,Tarzey,Female,+242-937-190-5257
597,Paxon,Carren,Male,+7-738-898-7917
598,Noak,Bareham,Male,+226-972-482-5933
599,Maxwell,Wyatt,Male,+31-926-238-6717
600,Fidela,Verbruggen,Female,+86-893-114-8790
601,Deloris,Yeates,Female,+598-967-828-3922
602,Fancie,Hammarberg,Female,+57-462-425-8716
603,Milka,Curado,Female,+86-986-346-4459
604,Laurence,Pettyfer,Male,+62-286-140-8576
605,Blakeley,Serris,Female,+86-793-375-7705
606,Holmes,Sarah,Male,+31-718-281-8089
607,Shellie,Bucklee,Female,+598-934-137-2424
608,Krystal,Pollastrone,Female,+86-611-622-3722
609,Levy,Kohring,Male,+86-809-735-0687
610,Carleton,Clayton,Male,+380-235-300-0489
611,Celka,Divisek,Female,+351-950-435-0197
612,Jase,Bence,Male,+1-981-990-1526
613,Kevan,Durkin,Male,+62-366-467-5654
614,Illa,Agg,Female,+54-607-310-9007
615,Marcia,Lucks,Female,+502-625-627-4447
616,Kaja,Bartalucci,Female,+86-665-276-6018
617,Theresina,Rennix,Female,+7-135-343-2334
618,Fionna,Froude,Female,+1-524-191-2987
619,Sara,Lochead,Female,+1-917-748-9034
620,Persis,Grandin,Female,+86-816-144-2928
621,Elita,Cumpsty,Female,+86-583-367-0081
622,Andre,Gabriel,Male,+86-173-277-2684
623,Sheridan,Breckin,Male,+63-645-400-7933
624,Adolf,Cowp,Male,+86-972-825-6904
625,Truda,McMenemy,Female,+7-613-257-3418
626,Sidonnie,Rubroe,Female,+48-295-300-0628
627,Marlow,Walesby,Male,+351-324-277-2343
628,Lauri,Winfindale,Female,+86-177-775-9306
629,Griffin,Carillo,Male,+46-427-907-6511
630,Maria,Karoly,Female,+62-922-182-3448
631,Rogerio,Lawee,Male,+82-824-572-0799
632,Maury,Bothwell,Male,+86-242-842-2032
633,Gibby,Andriveaux,Male,+351-762-499-3391
634,Tawsha,Bouts,Female,+269-733-795-2662
635,Eleanora,Presley,Female,+967-768-604-5458
636,Ashbey,Moreby,Male,+86-742-382-9021
637,Berrie,Osbidston,Female,+60-422-902-7959
638,Dedie,Herche,Female,+66-334-839-0631
639,Neala,Strickett,Female,+212-192-730-5192
640,Elianore,Wohler,Female,+55-176-246-4147
641,Yvette,Cootes,Female,+233-497-725-5025
642,Millicent,Sparrowhawk,Female,+375-555-786-7964
643,Roxanne,Caiger,Female,+66-883-828-3128
644,Eileen,Robbel,Female,+970-318-606-4148
645,April,Serrell,Female,+507-529-986-0666
646,Terence,Shipley,Male,+84-790-793-0224
647,Fay,Pohlak,Female,+54-345-779-3497
648,Ambur,Dy,Female,+86-181-780-7070
649,Pernell,Lanchbery,Male,+233-471-930-1953
650,Doll,Potts,Female,+1-624-720-2049
651,Karylin,Armfirld,Female,+52-991-801-2352
652,Irita,Safell,Female,+86-172-237-2380
653,Lisha,Jackes,Female,+7-338-804-4100
654,Nara,Yeardsley,Female,+60-972-202-2669
655,Patrice,Organ,Male,+62-840-120-6990
656,Aubrey,Ketteringham,Female,+86-723-422-8454
657,Wilburt,Joust,Male,+82-365-950-5625
658,Vinita,Beek,Female,+86-696-982-5016
659,Halsey,Sahlstrom,Male,+63-350-758-1856
660,Stormi,Kinnear,Female,+63-396-566-1638
661,Melvyn,Rubertis,Male,+86-417-447-4068
662,Lonna,Hugonneau,Female,+234-799-496-5022
663,Emmalyn,Gwillyam,Female,+7-366-452-1652
664,Lenard,Liggons,Male,+358-491-793-7473
665,Devin,Joynes,Female,+55-159-840-9430
666,Nickie,Hentzeler,Male,+53-992-828-5563
667,Gawen,Capon,Male,+380-999-818-8282
668,Yancey,Piecha,Male,+55-868-312-6304
669,Zelig,Glanert,Male,+55-813-439-9757
670,Barb,Kryska,Female,+49-143-274-7619
671,Mendie,Chilcotte,Male,+351-123-583-0830
672,Meade,Warsap,Male,+420-406-476-2557
673,Wini,Fairhall,Female,+81-272-425-7871
674,Brade,Peplow,Male,+86-230-676-0124
675,Bonnie,O' Hanvey,Female,+7-106-435-6049
676,Barthel,Ashborn,Male,+7-556-736-1030
677,Judith,Guyan,Female,+86-896-203-4165
678,Glenn,Kemmey,Female,+355-633-739-0856
679,Goddard,Fandrey,Male,+386-650-317-4007
680,Fidelio,Fladgate,Male,+98-966-850-8700
681,Armin,Lindenfeld,Male,+57-314-697-1396
682,Raimondo,Mabley,Male,+62-526-104-4115
683,Dennie,Rushton,Female,+46-775-301-9089
684,Lazarus,Ketteringham,Male,+86-423-544-5838
685,Zacharia,Mordaunt,Male,+58-846-777-0864
686,Jess,Jumel,Female,+62-114-461-9872
687,Corenda,Mead,Female,+7-168-471-4664
688,Abbie,Carluccio,Female,+1-713-190-6034
689,Catriona,Veale,Female,+51-422-243-2451
690,Ike,Ellaman,Male,+7-404-128-3957
691,Thorin,Rylstone,Male,+1-302-683-2859
692,Rahal,Sunter,Female,+389-656-511-2051
693,Lesley,Oxlee,Male,+54-589-818-2583
694,Caril,Brand-Hardy,Female,+62-742-646-4523
695,Gae,Gomm,Female,+86-389-369-8298
696,Cherie,Tingly,Female,+45-128-938-8394
697,Marie-ann,Fairburne,Female,+66-778-413-0026
698,Gawain,Kiehl,Male,+57-916-842-6157
699,Joey,Wollen,Female,+52-397-170-3253
700,Britteny,Beeson,Female,+251-826-917-0407
701,Kyle,Greening,Female,+86-929-960-2606
702,Christal,Habron,Female,+86-404-908-7652
703,Madelaine,Jacobs,Female,+62-806-237-9496
704,Jennica,Brabon,Female,+86-806-499-1224
705,Lew,Sircombe,Male,+63-965-805-3956
706,Austine,Vella,Female,+7-955-721-6266
707,Belia,Alderwick,Female,+242-112-574-6905
708,Tyler,Lampaert,Male,+46-940-564-5034
709,Clevie,Wanek,Male,+81-558-922-4674
710,Lenette,Ketton,Female,+374-908-625-0680
711,Tabitha,Robbie,Female,+62-430-284-1229
712,Stanislaw,Shurrocks,Male,+63-580-235-3807
713,Nadiya,Greenshields,Female,+52-786-626-1674
714,Patience,Schnieder,Female,+63-225-461-3868
715,Sherrie,Aucoate,Female,+225-749-618-0466
716,Ethelda,Whinney,Female,+30-492-136-1388
717,Janessa,Labusch,Female,+963-704-187-2873
718,Kaitlyn,Harburtson,Female,+62-486-381-0223
719,Kathye,Parkinson,Female,+375-847-803-9448
720,Kelsey,Gallandre,Male,+86-925-507-7665
721,Mahalia,Riddell,Female,+33-853-565-7202
722,Kipper,Casham,Male,+86-355-654-6452
723,Chad,Breazeall,Male,+62-386-643-7823
724,Minnaminnie,Giorgietto,Female,+48-964-571-8130
725,Philip,Caccavale,Male,+62-783-738-9550
726,Lonnie,Coomes,Male,+57-126-531-2942
727,Emilie,Senescall,Female,+86-595-636-8152
728,Nichol,Downham,Female,+86-436-329-3102
729,Farlie,Pottery,Male,+351-959-907-4175
730,Lyn,Strange,Male,+86-979-635-9696
731,Davine,Fassum,Female,+351-444-395-0744
732,Elsworth,Dorran,Male,+62-294-201-0765
733,Ellynn,Sikora,Female,+86-916-984-1626
734,Wayne,Thewles,Male,+55-976-844-2636
735,Dela,Snowsill,Female,+420-184-204-8859
736,Kiley,Clinton,Male,+33-669-406-5309
737,Woody,Covelle,Male,+351-834-999-0151
738,Tedi,O'Neil,Female,+967-613-526-9432
739,Aloysius,Hindhaugh,Male,+55-783-707-0764
740,Chloe,Row,Female,+86-262-407-3604
741,Husain,Kynforth,Male,+218-238-942-3946
742,Anton,Duesberry,Male,+48-141-243-2243
743,Lay,Coutts,Male,+46-216-176-3852
744,Connor,de Aguirre,Male,+55-640-517-0520
745,Padget,Edghinn,Male,+48-837-898-3709
746,Leonardo,Goater,Male,+992-425-219-9278
747,Debora,Eisikowitz,Female,+86-440-209-5541
748,Kelcy,Dymott,Female,+62-178-658-7497
749,Lock,Lintin,Male,+86-800-785-5074
750,Cristine,Betteson,Female,+30-239-513-9223
751,Ernestine,Blanket,Female,+86-360-515-4455
752,Vincent,Renfrew,Male,+33-727-443-8545
753,Tandy,Frangione,Female,+86-111-428-2198
754,Adah,Swedeland,Female,+63-389-647-0927
755,Byrle,Feldharker,Male,+86-931-534-2528
756,Beilul,McGuffie,Female,+81-426-527-1833
757,Ambur,Leveret,Female,+86-868-406-7909
758,Gino,Caren,Male,+86-432-404-2580
759,Laura,Sleith,Female,+86-800-881-6912
760,Vanna,Yelding,Female,+86-621-618-5296
761,Cecilio,Blackman,Male,+62-411-310-7078
762,Clarita,Weeks,Female,+242-295-428-4877
763,Erhard,Kaser,Male,+33-361-487-6783
764,Renard,Langmead,Male,+62-633-541-1471
765,Cherin,Morbey,Female,+86-981-208-5157
766,Burke,Matzaitis,Male,+81-953-802-9386
767,Giffie,MacGahy,Male,+62-571-865-2584
768,Vergil,Scoterbosh,Male,+51-496-486-2123
769,Avrom,Carletti,Male,+36-111-701-0753
770,Sidoney,Dwelly,Female,+63-615-473-2706
771,Taddeusz,Vose,Male,+261-686-557-7072
772,Wendall,Charrett,Male,+51-341-956-9767
773,Antonius,Keelin,Male,+251-437-613-8854
774,Ilsa,Crittal,Female,+967-285-907-2686
775,Margo,Stanner,Female,+386-293-477-5400
776,Stanleigh,Laye,Male,+46-180-831-2534
777,Ferdinand,Diboll,Male,+33-712-981-9617
778,Damiano,Dacres,Male,+7-599-651-1401
779,Cody,Guyer,Male,+60-306-696-6622
780,Robbi,Vear,Female,+44-366-664-1615
781,Maybelle,Oldaker,Female,+30-111-870-7639
782,Gretal,Laurenceau,Female,+420-521-574-1535
783,Brian,Killik,Male,+49-610-207-3837
784,Myrtle,Manning,Female,+58-617-480-2794
785,Ardisj,Gilogly,Female,+63-325-786-5142
786,Felic,Laux,Male,+593-209-565-6771
787,Caritta,Wethers,Female,+86-770-482-8187
788,Dacey,Arnault,Female,+52-678-521-0027
789,Rubin,Haglington,Male,+86-294-444-8800
790,Laurena,Sexton,Female,+62-972-741-7001
791,Berty,Samudio,Male,+7-836-977-5818
792,Herc,Biddles,Male,+234-936-973-2184
793,Asa,Oldford,Male,+86-635-319-2298
794,Carroll,Buff,Male,+86-851-908-9131
795,Erhard,Schuh,Male,+7-221-666-6250
796,Abigale,Hedingham,Female,+63-202-743-8173
797,Georgianna,Rouby,Female,+63-171-786-6842
798,Brunhilde,Garriock,Female,+1-916-491-5507
799,Pernell,Tschiersch,Male,+86-936-876-5669
800,Abagael,Tidder,Female,+1-637-541-9306
801,Raquela,Webben,Female,+48-684-214-7600
802,Colet,Amor,Male,+66-201-664-4557
803,Gizela,Posthill,Female,+1-571-572-4907
804,Marc,Valti,Male,+27-332-353-9544
805,Pauletta,Pashley,Female,+62-251-453-8366
806,Winnie,Fortin,Male,+86-267-935-9878
807,Alta,Tapin,Female,+63-512-953-9740
808,Sean,Torrent,Male,+57-648-123-9478
809,Alanah,Darbey,Female,+86-724-680-3198
810,Montague,Clougher,Male,+351-273-187-8358
811,Erskine,Rosthorn,Male,+62-124-604-9543
812,Creight,McCamish,Male,+57-879-780-8083
813,Dallon,Brameld,Male,+31-635-933-6885
814,Phyllida,Libero,Female,+86-238-644-0232
815,Marti,Dye,Female,+994-419-148-2388
816,Willyt,Ovendon,Female,+46-212-599-4015
817,Devland,Bowlas,Male,+63-471-992-3766
818,Kari,Landrick,Female,+55-281-407-8751
819,Armin,De Brett,Male,+351-511-571-6733
820,Aubrette,Insull,Female,+420-165-697-7041
821,Gene,Langfitt,Female,+1-512-459-2692
822,Modestine,Bryde,Female,+62-416-114-5825
823,Torey,Shoulders,Female,+233-203-902-1013
824,Allys,Brasher,Female,+51-967-256-1349
825,Cesya,Simeon,Female,+46-375-944-9839
826,Prudy,Beartup,Female,+359-481-351-0279
827,Sinclare,Wasiela,Male,+31-936-112-6479
828,Marley,Mattioli,Female,+43-818-466-2214
829,Jeannine,Tuddenham,Female,+33-498-504-1806
830,Rickie,Gleder,Female,+63-583-627-2288
831,Melonie,Shreenan,Female,+7-187-937-7449
832,Rhonda,Whitear,Female,+63-442-941-1049
833,Orly,Humpherston,Female,+227-111-195-4752
834,Care,Oslar,Male,+212-196-284-2511
835,Brady,Pierton,Male,+62-166-356-8013
836,Brittani,MacNeish,Female,+49-400-927-7040
837,Annaliese,Coenraets,Female,+60-670-911-5177
838,Noella,Gameson,Female,+33-377-316-5280
839,Land,Lickorish,Male,+86-160-752-2136
840,Estella,Kofax,Female,+62-253-777-4110
841,Lorna,Geraldo,Female,+33-259-720-1707
842,Clevey,Paal,Male,+51-650-511-7488
843,Lana,Patel,Female,+47-475-470-1031
844,Fields,Warstall,Male,+55-204-758-4362
845,Grayce,Tapsell,Female,+48-660-345-3465
846,Norene,Coward,Female,+62-863-761-8308
847,Alphonse,Bertwistle,Male,+994-450-270-1412
848,Godwin,Clemenson,Male,+86-483-224-0577
849,Patrica,Eckels,Female,+62-802-299-7591
850,Nigel,Cogdon,Male,+86-326-490-8811
851,Valaree,Gamage,Female,+255-678-637-9535
852,Timothee,Meatyard,Male,+62-770-153-5886
853,Adena,Eyre,Female,+33-721-348-8687
854,Alyss,O'Griffin,Female,+86-203-577-3241
855,Lisa,Samet,Female,+7-714-319-7266
856,Avrom,Hortop,Male,+62-923-872-0648
857,Sonya,Pretor,Female,+86-530-291-1371
858,Lori,Lodemann,Female,+380-759-368-3921
859,Trisha,Annetts,Female,+94-661-772-1831
860,Della,McGlaud,Female,+227-728-507-9348
861,Shela,Moggach,Female,+62-681-494-5947
862,Rori,Molines,Female,+51-892-986-7871
863,Harriott,Gandley,Female,+7-862-831-3466
864,Joya,Shimwell,Female,+1-654-116-2522
865,Samara,Edmonston,Female,+55-992-298-6857
866,Barr,Cuxon,Male,+86-867-195-1876
867,Jerri,Ceschi,Male,+34-916-589-8653
868,Adiana,Brunn,Female,+234-940-799-3223
869,Lorettalorna,Vandenhoff,Female,+7-556-895-7826
870,Zahara,Murby,Female,+55-587-983-5192
871,Benson,Keppe,Male,+86-369-543-5353
872,Paulie,Trayling,Male,+359-974-463-1756
873,Talbert,Fitzpayn,Male,+86-345-656-6301
874,Moe,Pudsey,Male,+7-515-835-2830
875,Lina,McInnerny,Female,+86-685-652-9602
876,Chalmers,Varnals,Male,+86-221-205-9977
877,Samson,Chavez,Male,+62-299-282-5784
878,Joshua,Ead,Male,+62-658-104-4733
879,Helenelizabeth,Kerwood,Female,+51-663-268-1969
880,Maurizio,Cawse,Male,+62-917-265-0210
881,Cherianne,Cockill,Female,+86-157-196-8657
882,Gertruda,Schimke,Female,+1-304-715-4992
883,Ondrea,Saleway,Female,+86-837-692-5678
884,Stavros,Tolossi,Male,+48-774-462-1684
885,Violetta,Sterricker,Female,+46-472-257-6266
886,Levi,Konneke,Male,+81-571-774-9261
887,Jillene,Stollmeier,Female,+7-920-864-9119
888,Arri,Petri,Male,+48-127-594-8422
889,Shantee,Oran,Female,+62-388-202-5082
890,Arlena,Jacmard,Female,+60-517-993-4267
891,Rob,Kardos-Stowe,Male,+62-751-259-3992
892,Nikolai,Nazer,Male,+48-670-425-9844
893,Beale,Stihl,Male,+94-885-865-5314
894,Karlen,Jahner,Female,+351-382-123-9109
895,Brook,Ciccotto,Male,+60-920-556-1843
896,Land,Causbey,Male,+63-588-220-4301
897,Ilaire,Pyett,Male,+351-172-341-2088
898,Vanda,Sansun,Female,+7-985-484-8301
899,Carla,Balasini,Female,+48-621-621-8145
900,Janot,Carwithen,Female,+7-244-718-9837
901,Lucretia,Langrish,Female,+63-240-645-4378
902,Catlaina,Owtram,Female,+62-973-323-5049
903,Linn,D'Costa,Female,+45-847-124-4099
904,Lavinia,Hesse,Female,+86-584-908-3910
905,Hugibert,McKmurrie,Male,+86-486-690-3045
906,Malcolm,Astill,Male,+251-350-456-6951
907,Margarete,Trott,Female,+51-201-451-3052
908,Wilden,Brewers,Male,+1-130-210-5454
909,Will,Hanton,Male,+51-545-889-2904
910,Pierette,Pena,Female,+46-377-724-4532
911,Kerby,Stockoe,Male,+55-652-952-8089
912,Heath,Taggart,Male,+351-648-574-5379
913,Adelbert,Tierny,Male,+86-977-875-2615
914,Helenelizabeth,Darree,Female,+977-352-399-4087
915,Marja,Downage,Female,+86-110-889-7690
916,Audra,Van Zon,Female,+48-579-444-4077
917,Cathi,Waller-Bridge,Female,+86-551-107-3844
918,Justinn,Enevold,Female,+86-956-704-6396
919,Priscilla,Fehners,Female,+86-861-545-7102
920,Ursa,Dyhouse,Female,+86-941-528-5171
921,Garwin,Astell,Male,+86-795-771-5909
922,Lou,Feige,Male,+86-658-298-3873
923,Kandy,Farnsworth,Female,+55-198-875-0774
924,Irvin,Joret,Male,+976-932-614-3334
925,Dee dee,Gigg,Female,+86-963-891-8879
926,Shanna,Jindacek,Female,+62-745-560-0955
927,Jaclyn,Martinolli,Female,+235-628-790-0208
928,Padraig,Mumbray,Male,+420-789-967-3791
929,Jillian,Elcom,Female,+86-673-820-3176
930,Baird,Simonin,Male,+254-801-590-6372
931,Ada,Hanhardt,Female,+34-489-569-0801
932,Lyndsay,Frazier,Female,+86-930-351-5415
933,Angelico,Scamel,Male,+86-971-937-2654
934,Brynne,Lippini,Female,+86-339-888-9878
935,Giustina,Codi,Female,+93-208-393-4152
936,Cob,Lippingwell,Male,+62-100-250-2219
937,Cyndi,Dunphie,Female,+386-133-739-0237
938,Willem,Vango,Male,+46-991-882-2567
939,Connor,Gensavage,Male,+62-799-626-4837
940,Cale,Jellis,Male,+503-541-111-7144
941,Barnaby,Hagwood,Male,+62-737-476-5751
942,Domingo,Aronoff,Male,+62-247-414-6483
943,Harper,Silvermann,Male,+86-343-170-1087
944,Andres,Tschirasche,Male,+375-793-693-1917
945,Bernarr,Bleue,Male,+380-310-337-2415
946,Glynis,Berrisford,Female,+212-917-867-4055
947,Cloe,Rosenstein,Female,+86-491-434-8469
948,Cathrine,Tenby,Female,+63-577-216-3695
949,Helene,Rubinsohn,Female,+33-835-506-3445
950,Babs,Merington,Female,+972-299-194-2736
951,Hadlee,Dockreay,Male,+962-189-972-4159
952,Lissa,Rodriguez,Female,+86-404-582-7142
953,Maurene,Svanini,Female,+62-616-617-8461
954,Jamima,Szwarc,Female,+48-343-449-6816
955,Marvin,Dunsmore,Male,+86-302-118-5733
956,Byram,Heinritz,Male,+55-588-105-5942
957,Daloris,Adcocks,Female,+86-841-665-0093
958,Keenan,Pelerin,Male,+86-564-500-4535
959,Ardath,Eaves,Female,+46-791-939-8971
960,Keen,Mathey,Male,+591-246-700-8330
961,Adaline,Lardeur,Female,+55-503-476-3201
962,Tomasina,Cosgreave,Female,+62-122-664-1145
963,Willi,Lammiman,Male,+30-853-573-1970
964,Nicko,McDonnell,Male,+33-945-899-4197
965,Caryl,d'Escoffier,Male,+504-705-764-5673
966,Adrian,Maggiori,Male,+370-988-855-7275
967,Nanice,Mertsching,Female,+1-404-607-8720
968,Saxe,Fencott,Male,+33-218-530-9180
969,Fenelia,Goymer,Female,+86-675-290-9944
970,Storm,Tolemache,Female,+381-342-986-9122
971,Anett,Leynagh,Female,+62-696-693-1859
972,Nicole,Rosoman,Female,+63-451-902-8923
973,Jody,Dimitriou,Male,+55-907-197-8956
974,Spence,Malek,Male,+7-534-904-7055
975,Hasty,Freezor,Male,+64-341-281-8349
976,Simmonds,Hoys,Male,+7-738-502-9769
977,Leesa,Dytham,Female,+63-911-552-2129
978,Uta,Bouch,Female,+62-670-940-1344
979,Hyacinthe,Gilleon,Female,+46-699-912-8963
980,Knox,Curl,Male,+86-666-375-0607
981,Debbi,Gregr,Female,+351-457-825-6860
982,Cherlyn,Barenskie,Female,+86-314-107-1286
983,Lona,Plank,Female,+355-302-402-4512
984,Felizio,Bryce,Male,+63-712-977-5080
985,Carena,Waldron,Female,+62-138-611-8088
986,Joan,Verillo,Female,+55-385-128-1240
987,Michel,Scrowby,Female,+86-324-935-4479
988,Shanan,Cumpsty,Male,+55-150-695-4084
989,Riobard,Casiero,Male,+880-503-497-3427
990,Kristoforo,Feek,Male,+374-692-868-4741
991,Toinette,Wingate,Female,+1-314-345-1778
992,Whit,Kelshaw,Male,+226-284-717-6762
993,Lottie,Rawet,Female,+62-843-632-7175
994,Bradly,Linskey,Male,+1-253-911-9389
995,Mina,Halson,Female,+234-435-672-1860
996,Krisha,Foort,Male,+33-541-255-1713
997,Mauricio,Flaunders,Male,+55-243-713-4487
998,Oliviero,Boylund,Male,+269-263-316-5847
999,Gradey,Dewhurst,Male,+62-880-503-6515
1000,Archibaldo,Cicculini,Male,+20-164-678-5247
